,cat,file,text_sentence_count,text_word_count,summary_sentence_count,summary_word_count,model,rouge_1_p,rouge_1_r,rouge_2_p,rouge_2_r,rouge_L_p,rouge_L_r
0,politics,../dataset/NewsArticles/politics/289.txt,18,433,8,195,textrank,0.5703125,0.6293103448275862,0.483695652173913,0.5085714285714286,0.5703125,0.6293103448275862
1,politics,../dataset/NewsArticles/politics/262.txt,24,507,10,244,textrank,0.82,0.8848920863309353,0.8018018018018018,0.8516746411483254,0.82,0.8848920863309353
2,politics,../dataset/NewsArticles/politics/276.txt,22,474,9,240,textrank,0.5033112582781457,0.6129032258064516,0.40358744394618834,0.4945054945054945,0.48344370860927155,0.5887096774193549
3,politics,../dataset/NewsArticles/politics/060.txt,18,459,7,233,textrank,0.5806451612903226,0.7964601769911505,0.4727272727272727,0.6303030303030303,0.5741935483870968,0.7876106194690266
4,politics,../dataset/NewsArticles/politics/074.txt,11,206,5,104,textrank,0.676923076923077,0.7213114754098361,0.5268817204301075,0.5833333333333334,0.676923076923077,0.7213114754098361
5,politics,../dataset/NewsArticles/politics/048.txt,21,529,9,265,textrank,0.6125,0.6712328767123288,0.5341365461847389,0.588495575221239,0.6125,0.6712328767123288
6,politics,../dataset/NewsArticles/politics/114.txt,13,304,6,146,textrank,0.4659090909090909,0.4939759036144578,0.3115942028985507,0.35833333333333334,0.4659090909090909,0.4939759036144578
7,politics,../dataset/NewsArticles/politics/100.txt,29,622,12,317,textrank,0.5524861878453039,0.6289308176100629,0.4236111111111111,0.48031496062992124,0.5303867403314917,0.6037735849056604
8,politics,../dataset/NewsArticles/politics/128.txt,31,638,16,393,textrank,0.6440677966101694,0.8128342245989305,0.5824175824175825,0.762589928057554,0.6440677966101694,0.8128342245989305
9,politics,../dataset/NewsArticles/politics/316.txt,23,428,10,250,textrank,0.76875,0.8541666666666666,0.6739130434782609,0.7828282828282829,0.76875,0.8541666666666666
10,politics,../dataset/NewsArticles/politics/302.txt,20,464,11,279,textrank,0.49707602339181284,0.7522123893805309,0.4426877470355731,0.691358024691358,0.49707602339181284,0.7522123893805309
11,politics,../dataset/NewsArticles/politics/303.txt,27,621,11,282,textrank,0.50625,0.574468085106383,0.43824701195219123,0.4824561403508772,0.5,0.5673758865248227
12,politics,../dataset/NewsArticles/politics/317.txt,21,484,9,243,textrank,0.6708860759493671,0.75177304964539,0.6228070175438597,0.6698113207547169,0.6708860759493671,0.75177304964539
13,politics,../dataset/NewsArticles/politics/129.txt,10,228,4,85,textrank,0.8387096774193549,0.6933333333333334,0.6962025316455697,0.5978260869565217,0.8387096774193549,0.6933333333333334
14,politics,../dataset/NewsArticles/politics/101.txt,26,581,11,305,textrank,0.7988505747126436,0.8580246913580247,0.7536231884057971,0.803088803088803,0.7931034482758621,0.8518518518518519
15,politics,../dataset/NewsArticles/politics/115.txt,24,592,10,310,textrank,0.6218905472636815,0.7183908045977011,0.5374149659863946,0.5939849624060151,0.6019900497512438,0.6954022988505747
16,politics,../dataset/NewsArticles/politics/049.txt,22,491,9,289,textrank,0.5649717514124294,0.6944444444444444,0.4489051094890511,0.5829383886255924,0.559322033898305,0.6875
17,politics,../dataset/NewsArticles/politics/075.txt,16,450,10,298,textrank,0.6432748538011696,0.9243697478991597,0.556390977443609,0.8314606741573034,0.6374269005847953,0.9159663865546218
18,politics,../dataset/NewsArticles/politics/061.txt,17,320,7,140,textrank,0.6796116504854369,0.8045977011494253,0.6102941176470589,0.6484375,0.6796116504854369,0.8045977011494253
19,politics,../dataset/NewsArticles/politics/277.txt,12,298,5,143,textrank,0.8709677419354839,0.8804347826086957,0.7925925925925926,0.823076923076923,0.8709677419354839,0.8804347826086957
20,politics,../dataset/NewsArticles/politics/263.txt,37,848,18,485,textrank,0.6377952755905512,0.8663101604278075,0.5045454545454545,0.7278688524590164,0.6377952755905512,0.8663101604278075
21,politics,../dataset/NewsArticles/politics/288.txt,15,338,6,138,textrank,0.6145833333333334,0.8082191780821918,0.49612403100775193,0.6274509803921569,0.59375,0.7808219178082192
22,politics,../dataset/NewsArticles/politics/275.txt,19,449,8,219,textrank,0.6666666666666666,0.7132867132867133,0.5645933014354066,0.59,0.6666666666666666,0.7132867132867133
23,politics,../dataset/NewsArticles/politics/261.txt,27,573,11,261,textrank,0.7333333333333333,0.7289156626506024,0.676595744680851,0.676595744680851,0.7333333333333333,0.7289156626506024
24,politics,../dataset/NewsArticles/politics/249.txt,7,144,3,67,textrank,0.7450980392156863,0.7755102040816326,0.6307692307692307,0.7321428571428571,0.7450980392156863,0.7755102040816326
25,politics,../dataset/NewsArticles/politics/088.txt,29,568,12,292,textrank,0.725609756097561,0.7531645569620253,0.6167883211678832,0.6525096525096525,0.7073170731707317,0.7341772151898734
26,politics,../dataset/NewsArticles/politics/077.txt,10,255,4,127,textrank,0.5217391304347826,0.6666666666666666,0.4491525423728814,0.5578947368421052,0.4782608695652174,0.6111111111111112
27,politics,../dataset/NewsArticles/politics/063.txt,11,264,5,149,textrank,0.6633663366336634,0.6907216494845361,0.5955882352941176,0.648,0.6633663366336634,0.6907216494845361
28,politics,../dataset/NewsArticles/politics/103.txt,17,375,7,185,textrank,0.7857142857142857,0.8319327731092437,0.7348066298342542,0.76,0.7857142857142857,0.8319327731092437
29,politics,../dataset/NewsArticles/politics/117.txt,15,278,6,132,textrank,0.8023255813953488,0.9324324324324325,0.7603305785123967,0.8518518518518519,0.7906976744186046,0.918918918918919
30,politics,../dataset/NewsArticles/politics/301.txt,23,535,10,309,textrank,0.6451612903225806,0.7361963190184049,0.5416666666666666,0.5931558935361216,0.6344086021505376,0.7239263803680982
31,politics,../dataset/NewsArticles/politics/315.txt,27,742,11,377,textrank,0.6377551020408163,0.7225433526011561,0.5421686746987951,0.6617647058823529,0.6377551020408163,0.7225433526011561
32,politics,../dataset/NewsArticles/politics/329.txt,8,162,7,151,textrank,0.47368421052631576,0.8709677419354839,0.3825503355704698,0.7916666666666666,0.47368421052631576,0.8709677419354839
33,politics,../dataset/NewsArticles/politics/328.txt,26,647,11,339,textrank,0.6878048780487804,0.7833333333333333,0.6305732484076433,0.7021276595744681,0.6878048780487804,0.7833333333333333
34,politics,../dataset/NewsArticles/politics/314.txt,12,288,5,129,textrank,0.9777777777777777,0.9777777777777777,0.9583333333333334,0.9583333333333334,0.9777777777777777,0.9777777777777777
35,politics,../dataset/NewsArticles/politics/300.txt,27,545,11,270,textrank,0.6,0.723404255319149,0.5454545454545454,0.641860465116279,0.6,0.723404255319149
36,politics,../dataset/NewsArticles/politics/116.txt,21,517,9,261,textrank,0.7159090909090909,0.7875,0.6341463414634146,0.6995515695067265,0.7102272727272727,0.78125
37,politics,../dataset/NewsArticles/politics/102.txt,24,493,10,236,textrank,0.6551724137931034,0.6597222222222222,0.5164319248826291,0.5164319248826291,0.6482758620689655,0.6527777777777778
38,politics,../dataset/NewsArticles/politics/062.txt,24,587,10,286,textrank,0.7823529411764706,0.7687861271676301,0.6976744186046512,0.6716417910447762,0.7764705882352941,0.7630057803468208
39,politics,../dataset/NewsArticles/politics/076.txt,16,407,9,245,textrank,0.6545454545454545,0.7941176470588235,0.5930735930735931,0.7098445595854922,0.6424242424242425,0.7794117647058824
40,politics,../dataset/NewsArticles/politics/089.txt,26,599,11,308,textrank,0.574468085106383,0.7152317880794702,0.4275618374558304,0.555045871559633,0.5691489361702128,0.7086092715231788
41,politics,../dataset/NewsArticles/politics/248.txt,14,297,9,219,textrank,0.5138888888888888,0.7628865979381443,0.4264705882352941,0.6850393700787402,0.5138888888888888,0.7628865979381443
42,politics,../dataset/NewsArticles/politics/260.txt,22,535,9,279,textrank,0.553072625698324,0.7021276595744681,0.4576923076923077,0.6040609137055838,0.547486033519553,0.6950354609929078
43,politics,../dataset/NewsArticles/politics/274.txt,18,393,8,190,textrank,0.5615384615384615,0.6134453781512605,0.4350282485875706,0.4502923976608187,0.5538461538461539,0.6050420168067226
44,politics,../dataset/NewsArticles/politics/258.txt,22,631,9,316,textrank,0.7098445595854922,0.681592039800995,0.6305084745762712,0.5980707395498392,0.7046632124352331,0.6766169154228856
45,politics,../dataset/NewsArticles/politics/270.txt,23,514,10,277,textrank,0.7529411764705882,0.8152866242038217,0.6550387596899225,0.7253218884120172,0.7529411764705882,0.8152866242038217
46,politics,../dataset/NewsArticles/politics/264.txt,25,606,10,318,textrank,0.6078431372549019,0.7380952380952381,0.525974025974026,0.627906976744186,0.6029411764705882,0.7321428571428571
47,politics,../dataset/NewsArticles/politics/099.txt,20,440,7,186,textrank,0.6290322580645161,0.5954198473282443,0.5581395348837209,0.518918918918919,0.6290322580645161,0.5954198473282443
48,politics,../dataset/NewsArticles/politics/072.txt,25,541,10,277,textrank,0.7272727272727273,0.8,0.6313725490196078,0.7488372093023256,0.7272727272727273,0.8
49,politics,../dataset/NewsArticles/politics/066.txt,25,540,10,230,textrank,0.6883116883116883,0.803030303030303,0.6411483253588517,0.6802030456852792,0.6883116883116883,0.803030303030303
50,politics,../dataset/NewsArticles/politics/106.txt,26,502,11,233,textrank,0.6736111111111112,0.6258064516129033,0.5181818181818182,0.5352112676056338,0.6666666666666666,0.6193548387096774
51,politics,../dataset/NewsArticles/politics/112.txt,18,384,8,168,textrank,0.822429906542056,0.8073394495412844,0.7333333333333333,0.6962025316455697,0.8037383177570093,0.7889908256880734
52,politics,../dataset/NewsArticles/politics/338.txt,18,440,8,223,textrank,0.6903225806451613,0.6948051948051948,0.6367924528301887,0.6308411214953271,0.6903225806451613,0.6948051948051948
53,politics,../dataset/NewsArticles/politics/304.txt,8,162,6,125,textrank,0.6666666666666666,0.9836065573770492,0.6016949152542372,0.9594594594594594,0.6666666666666666,0.9836065573770492
54,politics,../dataset/NewsArticles/politics/310.txt,8,164,4,82,textrank,0.55,0.6346153846153846,0.3924050632911392,0.4696969696969697,0.5166666666666667,0.5961538461538461
55,politics,../dataset/NewsArticles/politics/311.txt,20,383,8,154,textrank,0.54,0.6,0.49645390070921985,0.546875,0.54,0.6
56,politics,../dataset/NewsArticles/politics/305.txt,25,525,10,269,textrank,0.5755813953488372,0.7615384615384615,0.46586345381526106,0.6203208556149733,0.563953488372093,0.7461538461538462
57,politics,../dataset/NewsArticles/politics/339.txt,26,568,11,263,textrank,0.6772151898734177,0.7588652482269503,0.5815899581589958,0.6318181818181818,0.6582278481012658,0.7375886524822695
58,politics,../dataset/NewsArticles/politics/113.txt,19,337,8,178,textrank,0.5652173913043478,0.6914893617021277,0.4939759036144578,0.6307692307692307,0.5652173913043478,0.6914893617021277
59,politics,../dataset/NewsArticles/politics/107.txt,15,370,6,142,textrank,0.5531914893617021,0.5,0.3712121212121212,0.3202614379084967,0.5212765957446809,0.47115384615384615
60,politics,../dataset/NewsArticles/politics/067.txt,26,575,11,304,textrank,0.625,0.6443298969072165,0.5680272108843537,0.583916083916084,0.62,0.6391752577319587
61,politics,../dataset/NewsArticles/politics/073.txt,17,389,7,169,textrank,0.6695652173913044,0.5968992248062015,0.6242038216560509,0.5077720207253886,0.6608695652173913,0.5891472868217055
62,politics,../dataset/NewsArticles/politics/098.txt,15,359,6,182,textrank,0.7304347826086957,0.6885245901639344,0.6158536585365854,0.6158536585365854,0.7304347826086957,0.6885245901639344
63,politics,../dataset/NewsArticles/politics/265.txt,20,341,9,178,textrank,0.7933884297520661,0.8807339449541285,0.7109826589595376,0.825503355704698,0.7933884297520661,0.8807339449541285
64,politics,../dataset/NewsArticles/politics/271.txt,26,579,12,288,textrank,0.8114285714285714,0.8554216867469879,0.72,0.7734375,0.8114285714285714,0.8554216867469879
65,politics,../dataset/NewsArticles/politics/259.txt,36,717,15,380,textrank,0.6586345381526104,0.7288888888888889,0.5714285714285714,0.6540880503144654,0.6506024096385542,0.72
66,politics,../dataset/NewsArticles/politics/298.txt,20,514,8,211,textrank,0.8661417322834646,0.88,0.8102564102564103,0.8404255319148937,0.8661417322834646,0.88
67,politics,../dataset/NewsArticles/politics/267.txt,49,869,19,416,textrank,0.6176470588235294,0.6901408450704225,0.5249343832020997,0.554016620498615,0.6134453781512605,0.6854460093896714
68,politics,../dataset/NewsArticles/politics/273.txt,18,412,11,285,textrank,0.5568862275449101,0.8303571428571429,0.43243243243243246,0.6706586826347305,0.5389221556886228,0.8035714285714286
69,politics,../dataset/NewsArticles/politics/059.txt,20,514,8,211,textrank,0.8661417322834646,0.88,0.8102564102564103,0.8404255319148937,0.8661417322834646,0.88
70,politics,../dataset/NewsArticles/politics/065.txt,20,451,8,222,textrank,0.5531914893617021,0.65,0.43478260869565216,0.5389221556886228,0.5460992907801419,0.6416666666666667
71,politics,../dataset/NewsArticles/politics/071.txt,12,286,5,115,textrank,0.6588235294117647,0.7272727272727273,0.5727272727272728,0.6494845360824743,0.6588235294117647,0.7272727272727273
72,politics,../dataset/NewsArticles/politics/139.txt,15,315,6,127,textrank,0.4431818181818182,0.4482758620689655,0.3225806451612903,0.3448275862068966,0.4431818181818182,0.4482758620689655
73,politics,../dataset/NewsArticles/politics/111.txt,53,953,20,450,textrank,0.5641025641025641,0.7,0.44655581947743467,0.5251396648044693,0.5457875457875457,0.6772727272727272
74,politics,../dataset/NewsArticles/politics/105.txt,24,543,10,298,textrank,0.7005988023952096,0.785234899328859,0.625,0.6962025316455697,0.7005988023952096,0.785234899328859
75,politics,../dataset/NewsArticles/politics/313.txt,19,418,8,202,textrank,0.664179104477612,0.7542372881355932,0.5699481865284974,0.6586826347305389,0.664179104477612,0.7542372881355932
76,politics,../dataset/NewsArticles/politics/307.txt,14,296,9,194,textrank,0.5882352941176471,0.8333333333333334,0.45930232558139533,0.7247706422018348,0.5798319327731093,0.8214285714285714
77,politics,../dataset/NewsArticles/politics/306.txt,18,393,8,210,textrank,0.8029197080291971,0.8333333333333334,0.743455497382199,0.7888888888888889,0.8029197080291971,0.8333333333333334
78,politics,../dataset/NewsArticles/politics/312.txt,21,378,9,163,textrank,0.7079646017699115,0.7407407407407407,0.6535947712418301,0.684931506849315,0.7079646017699115,0.7407407407407407
79,politics,../dataset/NewsArticles/politics/104.txt,22,480,9,223,textrank,0.6078431372549019,0.7622950819672131,0.5336538461538461,0.6809815950920245,0.6078431372549019,0.7622950819672131
80,politics,../dataset/NewsArticles/politics/110.txt,27,488,11,243,textrank,0.5652173913043478,0.7109375,0.47844827586206895,0.5904255319148937,0.5527950310559007,0.6953125
81,politics,../dataset/NewsArticles/politics/138.txt,16,413,9,267,textrank,0.7315436241610739,0.8790322580645161,0.6595744680851063,0.8378378378378378,0.7315436241610739,0.8790322580645161
82,politics,../dataset/NewsArticles/politics/070.txt,23,530,10,284,textrank,0.6722222222222223,0.7908496732026143,0.5836431226765799,0.7302325581395349,0.6666666666666666,0.7843137254901961
83,politics,../dataset/NewsArticles/politics/064.txt,14,318,6,173,textrank,0.6637931034482759,0.8191489361702128,0.6,0.7557251908396947,0.6551724137931034,0.8085106382978723
84,politics,../dataset/NewsArticles/politics/058.txt,18,409,8,205,textrank,0.5813953488372093,0.6756756756756757,0.4639175257731959,0.5357142857142857,0.5581395348837209,0.6486486486486487
85,politics,../dataset/NewsArticles/politics/272.txt,21,549,9,264,textrank,0.8343558282208589,0.8662420382165605,0.7871485943775101,0.7935222672064778,0.8343558282208589,0.8662420382165605
86,politics,../dataset/NewsArticles/politics/266.txt,14,328,6,162,textrank,0.5272727272727272,0.6105263157894737,0.46710526315789475,0.5259259259259259,0.5272727272727272,0.6105263157894737
87,politics,../dataset/NewsArticles/politics/299.txt,18,345,8,186,textrank,0.56,0.660377358490566,0.5056818181818182,0.5894039735099338,0.56,0.660377358490566
88,politics,../dataset/NewsArticles/politics/201.txt,15,345,6,141,textrank,0.5257731958762887,0.6710526315789473,0.45454545454545453,0.5405405405405406,0.5154639175257731,0.6578947368421053
89,politics,../dataset/NewsArticles/politics/215.txt,29,696,12,321,textrank,0.6515151515151515,0.7329545454545454,0.5830508474576271,0.6370370370370371,0.6414141414141414,0.7215909090909091
90,politics,../dataset/NewsArticles/politics/229.txt,26,493,11,258,textrank,0.6395348837209303,0.7284768211920529,0.5596707818930041,0.6267281105990783,0.6395348837209303,0.7284768211920529
91,politics,../dataset/NewsArticles/politics/003.txt,26,531,11,266,textrank,0.7730061349693251,0.8181818181818182,0.6774193548387096,0.75,0.7730061349693251,0.8181818181818182
92,politics,../dataset/NewsArticles/politics/017.txt,8,171,4,110,textrank,0.47435897435897434,0.6727272727272727,0.3942307692307692,0.6307692307692307,0.47435897435897434,0.6727272727272727
93,politics,../dataset/NewsArticles/politics/188.txt,11,200,5,105,textrank,0.96,0.9863013698630136,0.9072164948453608,0.946236559139785,0.96,0.9863013698630136
94,politics,../dataset/NewsArticles/politics/177.txt,23,488,9,223,textrank,0.487012987012987,0.6944444444444444,0.3902439024390244,0.5128205128205128,0.474025974025974,0.6759259259259259
95,politics,../dataset/NewsArticles/politics/163.txt,10,256,4,107,textrank,0.5945945945945946,0.7586206896551724,0.4854368932038835,0.625,0.5675675675675675,0.7241379310344828
96,politics,../dataset/NewsArticles/politics/375.txt,34,735,15,346,textrank,0.7487684729064039,0.7638190954773869,0.6882716049382716,0.7056962025316456,0.7487684729064039,0.7638190954773869
97,politics,../dataset/NewsArticles/politics/413.txt,8,199,5,144,textrank,0.6551724137931034,0.8507462686567164,0.5669291338582677,0.8089887640449438,0.6551724137931034,0.8507462686567164
98,politics,../dataset/NewsArticles/politics/407.txt,18,467,8,267,textrank,0.5748502994011976,0.7804878048780488,0.4738955823293173,0.6820809248554913,0.5688622754491018,0.7723577235772358
99,politics,../dataset/NewsArticles/politics/361.txt,20,545,8,276,textrank,0.4419889502762431,0.6201550387596899,0.3726235741444867,0.5414364640883977,0.43646408839779005,0.6124031007751938
100,politics,../dataset/NewsArticles/politics/349.txt,27,661,11,340,textrank,0.6491228070175439,0.7326732673267327,0.5615615615615616,0.6233333333333333,0.6447368421052632,0.7277227722772277
101,politics,../dataset/NewsArticles/politics/348.txt,20,492,8,222,textrank,0.6197183098591549,0.7652173913043478,0.527363184079602,0.654320987654321,0.6126760563380281,0.7565217391304347
102,politics,../dataset/NewsArticles/politics/406.txt,37,985,15,472,textrank,0.6691729323308271,0.6872586872586872,0.593607305936073,0.6280193236714976,0.6616541353383458,0.6795366795366795
103,politics,../dataset/NewsArticles/politics/360.txt,19,513,8,246,textrank,0.9032258064516129,0.8695652173913043,0.8859649122807017,0.8381742738589212,0.9032258064516129,0.8695652173913043
104,politics,../dataset/NewsArticles/politics/374.txt,17,409,7,167,textrank,0.5210084033613446,0.775,0.42592592592592593,0.69,0.5210084033613446,0.775
105,politics,../dataset/NewsArticles/politics/412.txt,11,254,5,111,textrank,0.7901234567901234,0.7619047619047619,0.7184466019417476,0.6981132075471698,0.7901234567901234,0.7619047619047619
106,politics,../dataset/NewsArticles/politics/162.txt,15,317,6,129,textrank,0.7142857142857143,0.7558139534883721,0.6532258064516129,0.675,0.7142857142857143,0.7558139534883721
107,politics,../dataset/NewsArticles/politics/176.txt,20,509,8,257,textrank,0.5941176470588235,0.6917808219178082,0.4959349593495935,0.5865384615384616,0.5882352941176471,0.684931506849315
108,politics,../dataset/NewsArticles/politics/189.txt,24,546,10,244,textrank,0.6797385620915033,0.6887417218543046,0.6008771929824561,0.6008771929824561,0.6535947712418301,0.6622516556291391
109,politics,../dataset/NewsArticles/politics/016.txt,11,238,5,122,textrank,0.7674418604651163,0.8461538461538461,0.7130434782608696,0.7663551401869159,0.7674418604651163,0.8461538461538461
110,politics,../dataset/NewsArticles/politics/002.txt,19,393,8,190,textrank,0.8264462809917356,0.9090909090909091,0.7988505747126436,0.852760736196319,0.8264462809917356,0.9090909090909091
111,politics,../dataset/NewsArticles/politics/228.txt,16,307,7,160,textrank,0.7844827586206896,0.9381443298969072,0.7261146496815286,0.8507462686567164,0.7844827586206896,0.9381443298969072
112,politics,../dataset/NewsArticles/politics/214.txt,20,492,8,192,textrank,0.6923076923076923,0.7258064516129032,0.6263736263736264,0.6298342541436464,0.6923076923076923,0.7258064516129032
113,politics,../dataset/NewsArticles/politics/200.txt,23,451,10,232,textrank,0.7671232876712328,0.8115942028985508,0.7264150943396226,0.7586206896551724,0.7602739726027398,0.8043478260869565
114,politics,../dataset/NewsArticles/politics/216.txt,18,377,8,175,textrank,0.6147540983606558,0.6880733944954128,0.56875,0.5947712418300654,0.5901639344262295,0.6605504587155964
115,politics,../dataset/NewsArticles/politics/202.txt,18,472,8,265,textrank,0.6839080459770115,0.8947368421052632,0.592,0.7956989247311828,0.6781609195402298,0.8872180451127819
116,politics,../dataset/NewsArticles/politics/014.txt,23,480,10,254,textrank,0.6410256410256411,0.7575757575757576,0.5521739130434783,0.6414141414141414,0.6346153846153846,0.75
117,politics,../dataset/NewsArticles/politics/028.txt,12,256,5,122,textrank,0.6043956043956044,0.6626506024096386,0.4576271186440678,0.4954128440366973,0.5934065934065934,0.6506024096385542
118,politics,../dataset/NewsArticles/politics/160.txt,22,524,9,276,textrank,0.8102564102564103,0.9186046511627907,0.7622641509433963,0.8347107438016529,0.8102564102564103,0.9186046511627907
119,politics,../dataset/NewsArticles/politics/174.txt,31,680,12,288,textrank,0.7454545454545455,0.7935483870967742,0.6801470588235294,0.7034220532319392,0.7454545454545455,0.7935483870967742
120,politics,../dataset/NewsArticles/politics/148.txt,24,438,10,230,textrank,0.8053691275167785,0.8163265306122449,0.75,0.7464788732394366,0.8053691275167785,0.8163265306122449
121,politics,../dataset/NewsArticles/politics/389.txt,22,603,10,328,textrank,0.6312849162011173,0.7847222222222222,0.5294117647058824,0.6860986547085202,0.6256983240223464,0.7777777777777778
122,politics,../dataset/NewsArticles/politics/362.txt,20,595,8,239,textrank,0.5723684210526315,0.5337423312883436,0.45045045045045046,0.411522633744856,0.5657894736842105,0.5276073619631901
123,politics,../dataset/NewsArticles/politics/404.txt,14,261,9,198,textrank,0.6694915254237288,0.9875,0.559322033898305,0.908256880733945,0.6694915254237288,0.9875
124,politics,../dataset/NewsArticles/politics/410.txt,14,264,6,131,textrank,0.7362637362637363,0.7362637362637363,0.6,0.6,0.7362637362637363,0.7362637362637363
125,politics,../dataset/NewsArticles/politics/376.txt,12,253,5,132,textrank,0.47572815533980584,0.6363636363636364,0.373015873015873,0.4845360824742268,0.47572815533980584,0.6363636363636364
126,politics,../dataset/NewsArticles/politics/411.txt,39,880,16,491,textrank,0.6397306397306397,0.7142857142857143,0.5545851528384279,0.6105769230769231,0.632996632996633,0.706766917293233
127,politics,../dataset/NewsArticles/politics/377.txt,16,282,7,156,textrank,0.7264150943396226,0.8191489361702128,0.6462585034013606,0.76,0.7169811320754716,0.8085106382978723
128,politics,../dataset/NewsArticles/politics/363.txt,16,378,7,206,textrank,0.8432835820895522,0.8692307692307693,0.7566137566137566,0.7900552486187845,0.8432835820895522,0.8692307692307693
129,politics,../dataset/NewsArticles/politics/405.txt,23,571,10,271,textrank,0.7333333333333333,0.7806451612903226,0.6774193548387096,0.7304347826086957,0.7333333333333333,0.7806451612903226
130,politics,../dataset/NewsArticles/politics/388.txt,24,526,11,283,textrank,0.5804597701149425,0.7266187050359713,0.45112781954887216,0.5911330049261084,0.5747126436781609,0.7194244604316546
131,politics,../dataset/NewsArticles/politics/149.txt,17,417,7,201,textrank,0.708029197080292,0.8290598290598291,0.6173469387755102,0.7245508982035929,0.7007299270072993,0.8205128205128205
132,politics,../dataset/NewsArticles/politics/175.txt,14,404,6,198,textrank,0.6397058823529411,0.7435897435897436,0.5888324873096447,0.6863905325443787,0.6397058823529411,0.7435897435897436
133,politics,../dataset/NewsArticles/politics/161.txt,15,311,6,164,textrank,0.7589285714285714,0.8585858585858586,0.6815286624203821,0.7642857142857142,0.75,0.8484848484848485
134,politics,../dataset/NewsArticles/politics/029.txt,19,426,8,231,textrank,0.6486486486486487,0.732824427480916,0.547945205479452,0.6896551724137931,0.6486486486486487,0.732824427480916
135,politics,../dataset/NewsArticles/politics/001.txt,19,459,8,244,textrank,0.6402877697841727,0.7416666666666667,0.5067264573991032,0.6108108108108108,0.6330935251798561,0.7333333333333333
136,politics,../dataset/NewsArticles/politics/015.txt,8,165,4,92,textrank,0.6176470588235294,0.6885245901639344,0.5308641975308642,0.581081081081081,0.6029411764705882,0.6721311475409836
137,politics,../dataset/NewsArticles/politics/203.txt,18,425,8,203,textrank,0.5390070921985816,0.76,0.46113989637305697,0.664179104477612,0.524822695035461,0.74
138,politics,../dataset/NewsArticles/politics/217.txt,12,274,5,145,textrank,0.8041237113402062,0.8764044943820225,0.7591240875912408,0.832,0.8041237113402062,0.8764044943820225
139,politics,../dataset/NewsArticles/politics/213.txt,24,587,10,224,textrank,0.6594202898550725,0.6791044776119403,0.5428571428571428,0.6031746031746031,0.6376811594202898,0.6567164179104478
140,politics,../dataset/NewsArticles/politics/207.txt,12,247,5,146,textrank,0.48598130841121495,0.7878787878787878,0.42142857142857143,0.6941176470588235,0.48598130841121495,0.7878787878787878
141,politics,../dataset/NewsArticles/politics/039.txt,28,541,12,297,textrank,0.7352941176470589,0.8116883116883117,0.6793893129770993,0.7606837606837606,0.7352941176470589,0.8116883116883117
142,politics,../dataset/NewsArticles/politics/011.txt,16,292,7,146,textrank,0.7959183673469388,0.7722772277227723,0.7028985507246377,0.6928571428571428,0.7959183673469388,0.7722772277227723
143,politics,../dataset/NewsArticles/politics/005.txt,24,515,10,284,textrank,0.9156626506024096,0.8587570621468926,0.8527131782945736,0.8270676691729323,0.9156626506024096,0.8587570621468926
144,politics,../dataset/NewsArticles/politics/159.txt,26,522,11,267,textrank,0.6626506024096386,0.8029197080291971,0.5770750988142292,0.7227722772277227,0.6626506024096386,0.8029197080291971
145,politics,../dataset/NewsArticles/politics/165.txt,25,521,10,231,textrank,0.6419753086419753,0.7482014388489209,0.5047169811320755,0.5602094240837696,0.6172839506172839,0.7194244604316546
146,politics,../dataset/NewsArticles/politics/171.txt,11,260,5,122,textrank,0.8051948051948052,0.8857142857142857,0.7545454545454545,0.8217821782178217,0.7922077922077922,0.8714285714285714
147,politics,../dataset/NewsArticles/politics/398.txt,7,157,3,86,textrank,0.6551724137931034,0.6909090909090909,0.5897435897435898,0.647887323943662,0.6379310344827587,0.6727272727272727
148,politics,../dataset/NewsArticles/politics/401.txt,11,269,5,128,textrank,0.6,0.5869565217391305,0.4745762711864407,0.45901639344262296,0.5888888888888889,0.5760869565217391
149,politics,../dataset/NewsArticles/politics/367.txt,27,489,11,243,textrank,0.5652173913043478,0.7109375,0.47844827586206895,0.5904255319148937,0.5527950310559007,0.6953125
150,politics,../dataset/NewsArticles/politics/373.txt,34,690,15,358,textrank,0.7511737089201878,0.837696335078534,0.6676829268292683,0.7684210526315789,0.7464788732394366,0.8324607329842932
151,politics,../dataset/NewsArticles/politics/415.txt,12,259,5,111,textrank,0.4342105263157895,0.4342105263157895,0.32075471698113206,0.3238095238095238,0.39473684210526316,0.39473684210526316
152,politics,../dataset/NewsArticles/politics/372.txt,21,498,9,246,textrank,0.6566265060240963,0.7785714285714286,0.6186440677966102,0.6822429906542056,0.6445783132530121,0.7642857142857142
153,politics,../dataset/NewsArticles/politics/414.txt,22,555,9,228,textrank,0.8444444444444444,0.8507462686567164,0.7751196172248804,0.8140703517587939,0.837037037037037,0.8432835820895522
154,politics,../dataset/NewsArticles/politics/400.txt,33,673,14,353,textrank,0.6682692307692307,0.7164948453608248,0.582089552238806,0.6587837837837838,0.6586538461538461,0.7061855670103093
155,politics,../dataset/NewsArticles/politics/366.txt,23,517,12,330,textrank,0.7205882352941176,0.8698224852071006,0.6290322580645161,0.7831325301204819,0.7156862745098039,0.863905325443787
156,politics,../dataset/NewsArticles/politics/399.txt,27,551,11,217,textrank,0.5514705882352942,0.6,0.43902439024390244,0.45685279187817257,0.5441176470588235,0.592
157,politics,../dataset/NewsArticles/politics/170.txt,21,464,9,230,textrank,0.5664335664335665,0.648,0.5023041474654378,0.5532994923857868,0.5594405594405595,0.64
158,politics,../dataset/NewsArticles/politics/164.txt,15,313,6,168,textrank,0.9611650485436893,0.99,0.9395973154362416,0.9655172413793104,0.9611650485436893,0.99
159,politics,../dataset/NewsArticles/politics/158.txt,12,267,5,133,textrank,0.7303370786516854,0.7738095238095238,0.711864406779661,0.711864406779661,0.7303370786516854,0.7738095238095238
160,politics,../dataset/NewsArticles/politics/004.txt,13,254,6,131,textrank,0.6043956043956044,0.6962025316455697,0.45901639344262296,0.5283018867924528,0.5934065934065934,0.6835443037974683
161,politics,../dataset/NewsArticles/politics/010.txt,10,199,4,97,textrank,0.7377049180327869,0.8823529411764706,0.6976744186046512,0.821917808219178,0.7377049180327869,0.8823529411764706
162,politics,../dataset/NewsArticles/politics/038.txt,13,321,6,169,textrank,0.6881720430107527,0.6881720430107527,0.5815602836879432,0.6119402985074627,0.6881720430107527,0.6881720430107527
163,politics,../dataset/NewsArticles/politics/206.txt,9,257,4,110,textrank,0.8641975308641975,0.7865168539325843,0.803921568627451,0.7454545454545455,0.8641975308641975,0.7865168539325843
164,politics,../dataset/NewsArticles/politics/212.txt,8,161,7,150,textrank,0.4778761061946903,0.8709677419354839,0.38513513513513514,0.7916666666666666,0.4778761061946903,0.8709677419354839
165,politics,../dataset/NewsArticles/politics/238.txt,19,354,8,182,textrank,0.7851239669421488,0.8482142857142857,0.6918604651162791,0.7933333333333333,0.7851239669421488,0.8482142857142857
166,politics,../dataset/NewsArticles/politics/204.txt,18,421,8,229,textrank,0.7361111111111112,0.7851851851851852,0.6527777777777778,0.7085427135678392,0.7291666666666666,0.7777777777777778
167,politics,../dataset/NewsArticles/politics/210.txt,26,518,11,237,textrank,0.6643356643356644,0.76,0.6045454545454545,0.6683417085427136,0.6643356643356644,0.76
168,politics,../dataset/NewsArticles/politics/006.txt,15,350,6,185,textrank,0.5726495726495726,0.7528089887640449,0.49700598802395207,0.664,0.5726495726495726,0.7528089887640449
169,politics,../dataset/NewsArticles/politics/012.txt,24,437,10,202,textrank,0.5801526717557252,0.6229508196721312,0.4385026737967914,0.4530386740331492,0.5725190839694656,0.6147540983606558
170,politics,../dataset/NewsArticles/politics/199.txt,23,462,10,216,textrank,0.7153846153846154,0.7209302325581395,0.65,0.6372549019607843,0.7153846153846154,0.7209302325581395
171,politics,../dataset/NewsArticles/politics/172.txt,14,392,6,238,textrank,0.38562091503267976,0.6276595744680851,0.23893805309734514,0.4153846153846154,0.37254901960784315,0.6063829787234043
172,politics,../dataset/NewsArticles/politics/166.txt,19,398,8,203,textrank,0.8130081300813008,0.8771929824561403,0.7297297297297297,0.8181818181818182,0.8130081300813008,0.8771929824561403
173,politics,../dataset/NewsArticles/politics/358.txt,12,290,5,142,textrank,0.6421052631578947,0.7261904761904762,0.5703125,0.6460176991150443,0.631578947368421,0.7142857142857143
174,politics,../dataset/NewsArticles/politics/416.txt,13,298,6,132,textrank,0.696969696969697,0.7340425531914894,0.5923076923076923,0.6470588235294118,0.696969696969697,0.7340425531914894
175,politics,../dataset/NewsArticles/politics/370.txt,21,547,9,273,textrank,0.5689655172413793,0.6265822784810127,0.4444444444444444,0.5161290322580645,0.5689655172413793,0.6265822784810127
176,politics,../dataset/NewsArticles/politics/364.txt,19,426,8,201,textrank,0.9,0.9285714285714286,0.8835978835978836,0.9027027027027027,0.9,0.9285714285714286
177,politics,../dataset/NewsArticles/politics/402.txt,14,282,6,145,textrank,0.6989247311827957,0.8552631578947368,0.6015037593984962,0.7017543859649122,0.6881720430107527,0.8421052631578947
178,politics,../dataset/NewsArticles/politics/365.txt,14,395,6,194,textrank,0.6311475409836066,0.8105263157894737,0.5804597701149425,0.753731343283582,0.6229508196721312,0.8
179,politics,../dataset/NewsArticles/politics/403.txt,22,493,9,229,textrank,0.6643356643356644,0.8050847457627118,0.5961538461538461,0.7380952380952381,0.6643356643356644,0.8050847457627118
180,politics,../dataset/NewsArticles/politics/417.txt,23,491,13,325,textrank,0.5414634146341464,0.8538461538461538,0.4882154882154882,0.7880434782608695,0.5414634146341464,0.8538461538461538
181,politics,../dataset/NewsArticles/politics/371.txt,14,378,6,203,textrank,0.5434782608695652,0.6696428571428571,0.4322916666666667,0.538961038961039,0.5217391304347826,0.6428571428571429
182,politics,../dataset/NewsArticles/politics/359.txt,24,515,10,284,textrank,0.9156626506024096,0.8587570621468926,0.8527131782945736,0.8270676691729323,0.9156626506024096,0.8587570621468926
183,politics,../dataset/NewsArticles/politics/167.txt,18,401,8,192,textrank,0.5416666666666666,0.6046511627906976,0.45054945054945056,0.4880952380952381,0.5277777777777778,0.5891472868217055
184,politics,../dataset/NewsArticles/politics/173.txt,21,415,9,227,textrank,0.7103448275862069,0.7744360902255639,0.6363636363636364,0.726775956284153,0.7034482758620689,0.7669172932330827
185,politics,../dataset/NewsArticles/politics/198.txt,25,493,10,242,textrank,0.65625,0.8015267175572519,0.5782608695652174,0.6717171717171717,0.65,0.7938931297709924
186,politics,../dataset/NewsArticles/politics/013.txt,25,579,10,277,textrank,0.8044692737430168,0.7912087912087912,0.720754716981132,0.7153558052434457,0.8044692737430168,0.7912087912087912
187,politics,../dataset/NewsArticles/politics/007.txt,21,527,9,231,textrank,0.7801418439716312,0.7534246575342466,0.7067307692307693,0.6901408450704225,0.7801418439716312,0.7534246575342466
188,politics,../dataset/NewsArticles/politics/211.txt,24,534,12,311,textrank,0.7037037037037037,0.8382352941176471,0.5756457564575646,0.7572815533980582,0.6975308641975309,0.8308823529411765
189,politics,../dataset/NewsArticles/politics/205.txt,22,433,8,168,textrank,0.49206349206349204,0.5585585585585585,0.39375,0.40384615384615385,0.47619047619047616,0.5405405405405406
190,politics,../dataset/NewsArticles/politics/239.txt,22,413,9,182,textrank,0.6984126984126984,0.7652173913043478,0.5953757225433526,0.6518987341772152,0.6984126984126984,0.7652173913043478
191,politics,../dataset/NewsArticles/politics/220.txt,17,479,10,301,textrank,0.6428571428571429,0.8478260869565217,0.5800711743772242,0.7799043062200957,0.6428571428571429,0.8478260869565217
192,politics,../dataset/NewsArticles/politics/234.txt,24,595,10,270,textrank,0.8203592814371258,0.8404907975460123,0.7857142857142857,0.7857142857142857,0.8203592814371258,0.8404907975460123
193,politics,../dataset/NewsArticles/politics/208.txt,12,298,5,158,textrank,0.801980198019802,0.8804347826086957,0.7552447552447552,0.8120300751879699,0.801980198019802,0.8804347826086957
194,politics,../dataset/NewsArticles/politics/022.txt,20,435,7,176,textrank,0.8515625,0.8014705882352942,0.8083832335329342,0.7297297297297297,0.828125,0.7794117647058824
195,politics,../dataset/NewsArticles/politics/036.txt,20,406,8,181,textrank,0.8909090909090909,0.9074074074074074,0.8242424242424242,0.8774193548387097,0.8909090909090909,0.9074074074074074
196,politics,../dataset/NewsArticles/politics/195.txt,15,343,6,163,textrank,0.5045871559633027,0.5045871559633027,0.38926174496644295,0.3972602739726027,0.48623853211009177,0.48623853211009177
197,politics,../dataset/NewsArticles/politics/181.txt,19,414,8,215,textrank,0.7028985507246377,0.782258064516129,0.6417910447761194,0.7288135593220338,0.7028985507246377,0.782258064516129
198,politics,../dataset/NewsArticles/politics/156.txt,19,429,8,230,textrank,0.70625,0.8188405797101449,0.6445497630331753,0.7311827956989247,0.70625,0.8188405797101449
199,politics,../dataset/NewsArticles/politics/142.txt,24,549,10,299,textrank,0.768361581920904,0.8774193548387097,0.7289377289377289,0.8155737704918032,0.768361581920904,0.8774193548387097
200,politics,../dataset/NewsArticles/politics/397.txt,4,91,2,41,textrank,0.5945945945945946,0.6470588235294118,0.5384615384615384,0.5526315789473685,0.5945945945945946,0.6470588235294118
201,politics,../dataset/NewsArticles/politics/383.txt,26,523,11,245,textrank,0.5686274509803921,0.6170212765957447,0.4585152838427948,0.525,0.5686274509803921,0.6170212765957447
202,politics,../dataset/NewsArticles/politics/354.txt,12,299,5,170,textrank,0.6218487394957983,0.8043478260869565,0.5759493670886076,0.7222222222222222,0.5966386554621849,0.7717391304347826
203,politics,../dataset/NewsArticles/politics/340.txt,24,592,10,280,textrank,0.6174863387978142,0.6766467065868264,0.5375939849624061,0.572,0.6065573770491803,0.6646706586826348
204,politics,../dataset/NewsArticles/politics/368.txt,17,505,7,210,textrank,0.7364341085271318,0.7723577235772358,0.6683937823834197,0.675392670157068,0.7364341085271318,0.7723577235772358
205,politics,../dataset/NewsArticles/politics/369.txt,17,370,7,194,textrank,0.5447154471544715,0.6320754716981132,0.4010989010989011,0.5,0.5284552845528455,0.6132075471698113
206,politics,../dataset/NewsArticles/politics/341.txt,14,365,6,164,textrank,0.46846846846846846,0.6842105263157895,0.41216216216216217,0.5350877192982456,0.4594594594594595,0.6710526315789473
207,politics,../dataset/NewsArticles/politics/355.txt,27,510,11,243,textrank,0.559748427672956,0.6496350364963503,0.4434389140271493,0.5212765957446809,0.5408805031446541,0.6277372262773723
208,politics,../dataset/NewsArticles/politics/382.txt,29,557,12,300,textrank,0.7529411764705882,0.8258064516129032,0.7,0.7842323651452282,0.7529411764705882,0.8258064516129032
209,politics,../dataset/NewsArticles/politics/396.txt,33,702,14,366,textrank,0.6161137440758294,0.7182320441988951,0.4822485207100592,0.5544217687074829,0.6113744075829384,0.712707182320442
210,politics,../dataset/NewsArticles/politics/143.txt,17,459,10,289,textrank,0.5921787709497207,0.7681159420289855,0.46332046332046334,0.6382978723404256,0.5754189944134078,0.7463768115942029
211,politics,../dataset/NewsArticles/politics/157.txt,29,535,12,252,textrank,0.6392405063291139,0.63125,0.5411255411255411,0.5274261603375527,0.6392405063291139,0.63125
212,politics,../dataset/NewsArticles/politics/180.txt,25,528,10,276,textrank,0.6285714285714286,0.7236842105263158,0.5875486381322957,0.6711111111111111,0.6228571428571429,0.7171052631578947
213,politics,../dataset/NewsArticles/politics/194.txt,14,281,6,157,textrank,0.5428571428571428,0.7037037037037037,0.46938775510204084,0.6216216216216216,0.5333333333333333,0.691358024691358
214,politics,../dataset/NewsArticles/politics/037.txt,11,223,5,124,textrank,0.8461538461538461,0.8918918918918919,0.8090909090909091,0.89,0.8461538461538461,0.8918918918918919
215,politics,../dataset/NewsArticles/politics/023.txt,15,333,6,134,textrank,0.6206896551724138,0.5684210526315789,0.4957983193277311,0.4573643410852713,0.6091954022988506,0.5578947368421052
216,politics,../dataset/NewsArticles/politics/209.txt,16,343,7,168,textrank,0.7232142857142857,0.801980198019802,0.6477987421383647,0.7202797202797203,0.7142857142857143,0.7920792079207921
217,politics,../dataset/NewsArticles/politics/235.txt,8,177,4,103,textrank,0.7837837837837838,0.725,0.673469387755102,0.6346153846153846,0.7837837837837838,0.725
218,politics,../dataset/NewsArticles/politics/221.txt,21,488,9,264,textrank,0.6424242424242425,0.75177304964539,0.5245901639344263,0.6274509803921569,0.6363636363636364,0.7446808510638298
219,politics,../dataset/NewsArticles/politics/237.txt,8,159,4,81,textrank,0.5373134328358209,0.7346938775510204,0.5128205128205128,0.6451612903225806,0.5373134328358209,0.7346938775510204
220,politics,../dataset/NewsArticles/politics/223.txt,14,365,6,164,textrank,0.46846846846846846,0.6842105263157895,0.41216216216216217,0.5350877192982456,0.4594594594594595,0.6710526315789473
221,politics,../dataset/NewsArticles/politics/035.txt,11,238,5,107,textrank,0.7901234567901234,0.8,0.75,0.7647058823529411,0.7901234567901234,0.8
222,politics,../dataset/NewsArticles/politics/021.txt,21,496,10,263,textrank,0.5751295336787565,0.7161290322580646,0.4801587301587302,0.568075117370892,0.5699481865284974,0.7096774193548387
223,politics,../dataset/NewsArticles/politics/009.txt,31,555,13,354,textrank,0.6266666666666667,0.8493975903614458,0.5379939209726444,0.7436974789915967,0.6266666666666667,0.8493975903614458
224,politics,../dataset/NewsArticles/politics/182.txt,25,579,10,286,textrank,0.6243093922651933,0.7243589743589743,0.5367647058823529,0.6403508771929824,0.6187845303867403,0.717948717948718
225,politics,../dataset/NewsArticles/politics/196.txt,17,432,7,178,textrank,0.5808823529411765,0.7669902912621359,0.5087719298245614,0.6444444444444445,0.5735294117647058,0.7572815533980582
226,politics,../dataset/NewsArticles/politics/141.txt,27,545,11,270,textrank,0.6,0.723404255319149,0.5454545454545454,0.641860465116279,0.6,0.723404255319149
227,politics,../dataset/NewsArticles/politics/155.txt,24,460,10,262,textrank,0.5,0.6587301587301587,0.41106719367588934,0.5591397849462365,0.5,0.6587301587301587
228,politics,../dataset/NewsArticles/politics/169.txt,19,429,7,183,textrank,0.6416666666666667,0.6581196581196581,0.5121951219512195,0.4883720930232558,0.6333333333333333,0.6495726495726496
229,politics,../dataset/NewsArticles/politics/380.txt,150,3356,62,1895,textrank,0.6811188811188811,0.8103161397670549,0.5968712394705175,0.7256766642282371,0.6797202797202797,0.8086522462562395
230,politics,../dataset/NewsArticles/politics/394.txt,19,447,8,220,textrank,0.6233766233766234,0.7272727272727273,0.49765258215962443,0.6385542168674698,0.6168831168831169,0.7196969696969697
231,politics,../dataset/NewsArticles/politics/343.txt,8,167,4,108,textrank,0.5540540540540541,0.7592592592592593,0.41414141414141414,0.6307692307692307,0.5540540540540541,0.7592592592592593
232,politics,../dataset/NewsArticles/politics/357.txt,17,325,7,153,textrank,0.8526315789473684,0.8901098901098901,0.8014705882352942,0.8449612403100775,0.8526315789473684,0.8901098901098901
233,politics,../dataset/NewsArticles/politics/356.txt,21,496,10,263,textrank,0.5751295336787565,0.7161290322580646,0.4801587301587302,0.568075117370892,0.5699481865284974,0.7096774193548387
234,politics,../dataset/NewsArticles/politics/342.txt,15,370,6,142,textrank,0.5531914893617021,0.5,0.3712121212121212,0.3202614379084967,0.5212765957446809,0.47115384615384615
235,politics,../dataset/NewsArticles/politics/395.txt,19,508,8,226,textrank,0.6482758620689655,0.6308724832214765,0.5373831775700935,0.5227272727272727,0.6413793103448275,0.6241610738255033
236,politics,../dataset/NewsArticles/politics/381.txt,10,179,4,94,textrank,0.6617647058823529,0.8653846153846154,0.6091954022988506,0.7464788732394366,0.6470588235294118,0.8461538461538461
237,politics,../dataset/NewsArticles/politics/168.txt,26,608,11,287,textrank,0.657608695652174,0.6080402010050251,0.5772058823529411,0.5413793103448276,0.6521739130434783,0.6030150753768844
238,politics,../dataset/NewsArticles/politics/154.txt,20,524,7,221,textrank,0.5194805194805194,0.6060606060606061,0.34579439252336447,0.4088397790055249,0.487012987012987,0.5681818181818182
239,politics,../dataset/NewsArticles/politics/140.txt,12,237,5,109,textrank,0.5,0.6923076923076923,0.36363636363636365,0.5373134328358209,0.4861111111111111,0.6730769230769231
240,politics,../dataset/NewsArticles/politics/197.txt,13,311,6,169,textrank,0.44036697247706424,0.5,0.33544303797468356,0.424,0.43119266055045874,0.4895833333333333
241,politics,../dataset/NewsArticles/politics/183.txt,17,344,7,154,textrank,0.5754716981132075,0.61,0.46938775510204084,0.5,0.5471698113207547,0.58
242,politics,../dataset/NewsArticles/politics/008.txt,23,543,10,282,textrank,0.6630434782608695,0.7393939393939394,0.5867158671586716,0.6186770428015564,0.657608695652174,0.7333333333333333
243,politics,../dataset/NewsArticles/politics/020.txt,25,567,10,252,textrank,0.6772151898734177,0.781021897810219,0.5938864628820961,0.7010309278350515,0.6772151898734177,0.781021897810219
244,politics,../dataset/NewsArticles/politics/034.txt,20,452,8,195,textrank,0.7109375,0.7647058823529411,0.6067415730337079,0.6428571428571429,0.7109375,0.7647058823529411
245,politics,../dataset/NewsArticles/politics/222.txt,15,319,6,144,textrank,0.6847826086956522,0.7325581395348837,0.6296296296296297,0.6967213114754098,0.6847826086956522,0.7325581395348837
246,politics,../dataset/NewsArticles/politics/236.txt,8,166,4,107,textrank,0.5540540540540541,0.7592592592592593,0.41836734693877553,0.6307692307692307,0.5540540540540541,0.7592592592592593
247,politics,../dataset/NewsArticles/politics/232.txt,14,343,6,166,textrank,0.6440677966101694,0.7238095238095238,0.5225806451612903,0.6044776119402985,0.635593220338983,0.7142857142857143
248,politics,../dataset/NewsArticles/politics/226.txt,17,284,8,151,textrank,0.7567567567567568,0.9130434782608695,0.7181208053691275,0.8770491803278688,0.7567567567567568,0.9130434782608695
249,politics,../dataset/NewsArticles/politics/018.txt,12,265,7,155,textrank,0.5576923076923077,0.8055555555555556,0.44755244755244755,0.7191011235955056,0.5480769230769231,0.7916666666666666
250,politics,../dataset/NewsArticles/politics/030.txt,20,367,8,195,textrank,0.8888888888888888,0.927536231884058,0.8369565217391305,0.8850574712643678,0.8888888888888888,0.927536231884058
251,politics,../dataset/NewsArticles/politics/024.txt,11,268,5,141,textrank,0.6530612244897959,0.7441860465116279,0.5714285714285714,0.6909090909090909,0.6530612244897959,0.7441860465116279
252,politics,../dataset/NewsArticles/politics/187.txt,17,391,7,204,textrank,0.5878378378378378,0.7372881355932204,0.5495049504950495,0.6568047337278107,0.5878378378378378,0.7372881355932204
253,politics,../dataset/NewsArticles/politics/193.txt,24,525,10,248,textrank,0.6838709677419355,0.762589928057554,0.597457627118644,0.6266666666666667,0.6774193548387096,0.7553956834532374
254,politics,../dataset/NewsArticles/politics/178.txt,11,214,5,106,textrank,0.7435897435897436,0.8405797101449275,0.6633663366336634,0.7282608695652174,0.7435897435897436,0.8405797101449275
255,politics,../dataset/NewsArticles/politics/144.txt,13,223,6,112,textrank,0.2558139534883721,0.36666666666666664,0.11009174311926606,0.15584415584415584,0.23255813953488372,0.3333333333333333
256,politics,../dataset/NewsArticles/politics/150.txt,12,253,5,134,textrank,0.5384615384615384,0.7272727272727273,0.4461538461538462,0.58,0.5288461538461539,0.7142857142857143
257,politics,../dataset/NewsArticles/politics/385.txt,13,323,9,245,textrank,0.7349397590361446,0.9838709677419355,0.7025862068965517,0.9588235294117647,0.7349397590361446,0.9838709677419355
258,politics,../dataset/NewsArticles/politics/391.txt,9,182,4,87,textrank,0.5384615384615384,0.5932203389830508,0.4146341463414634,0.4473684210526316,0.5230769230769231,0.576271186440678
259,politics,../dataset/NewsArticles/politics/408.txt,30,625,12,325,textrank,0.7336956521739131,0.8083832335329342,0.6447368421052632,0.7538461538461538,0.7282608695652174,0.8023952095808383
260,politics,../dataset/NewsArticles/politics/346.txt,18,373,8,228,textrank,0.8427672955974843,0.8993288590604027,0.8160377358490566,0.8480392156862745,0.8427672955974843,0.8993288590604027
261,politics,../dataset/NewsArticles/politics/352.txt,20,503,8,250,textrank,0.7358490566037735,0.7647058823529411,0.673728813559322,0.7194570135746606,0.7295597484276729,0.7581699346405228
262,politics,../dataset/NewsArticles/politics/353.txt,39,887,16,435,textrank,0.6206896551724138,0.7136563876651982,0.5328467153284672,0.6221590909090909,0.6130268199233716,0.7048458149779736
263,politics,../dataset/NewsArticles/politics/347.txt,20,458,8,203,textrank,0.7894736842105263,0.8823529411764706,0.7407407407407407,0.7954545454545454,0.7894736842105263,0.8823529411764706
264,politics,../dataset/NewsArticles/politics/409.txt,12,281,5,138,textrank,0.6057692307692307,0.6237623762376238,0.4580152671755725,0.47244094488188976,0.5769230769230769,0.594059405940594
265,politics,../dataset/NewsArticles/politics/390.txt,26,576,11,305,textrank,0.625,0.6443298969072165,0.5661016949152542,0.583916083916084,0.62,0.6391752577319587
266,politics,../dataset/NewsArticles/politics/384.txt,26,583,11,310,textrank,0.7752808988764045,0.8263473053892215,0.7381818181818182,0.7718631178707225,0.7752808988764045,0.8263473053892215
267,politics,../dataset/NewsArticles/politics/151.txt,24,471,10,248,textrank,0.8551724137931035,0.8493150684931506,0.782608695652174,0.7860262008733624,0.8551724137931035,0.8493150684931506
268,politics,../dataset/NewsArticles/politics/145.txt,9,170,4,90,textrank,0.6935483870967742,0.7543859649122807,0.5487804878048781,0.7142857142857143,0.6935483870967742,0.7543859649122807
269,politics,../dataset/NewsArticles/politics/179.txt,22,481,9,212,textrank,0.6538461538461539,0.7456140350877193,0.5276381909547738,0.6176470588235294,0.6384615384615384,0.7280701754385965
270,politics,../dataset/NewsArticles/politics/192.txt,28,579,12,232,textrank,0.6878980891719745,0.6067415730337079,0.5801886792452831,0.45724907063197023,0.6878980891719745,0.6067415730337079
271,politics,../dataset/NewsArticles/politics/186.txt,22,471,9,229,textrank,0.5231788079470199,0.6694915254237288,0.4027777777777778,0.5028901734104047,0.5165562913907285,0.6610169491525424
272,politics,../dataset/NewsArticles/politics/025.txt,12,245,5,118,textrank,0.8214285714285714,0.9078947368421053,0.7522935779816514,0.8367346938775511,0.7976190476190477,0.881578947368421
273,politics,../dataset/NewsArticles/politics/031.txt,22,466,9,216,textrank,0.7461538461538462,0.751937984496124,0.67,0.7052631578947368,0.7461538461538462,0.751937984496124
274,politics,../dataset/NewsArticles/politics/019.txt,27,640,11,320,textrank,0.7307692307692307,0.875,0.654485049833887,0.7911646586345381,0.7307692307692307,0.875
275,politics,../dataset/NewsArticles/politics/227.txt,22,503,8,228,textrank,0.7483870967741936,0.7435897435897436,0.6742081447963801,0.6651785714285714,0.7483870967741936,0.7435897435897436
276,politics,../dataset/NewsArticles/politics/233.txt,13,322,6,177,textrank,0.6290322580645161,0.7090909090909091,0.5491329479768786,0.6050955414012739,0.6290322580645161,0.7090909090909091
277,politics,../dataset/NewsArticles/politics/219.txt,19,502,8,264,textrank,0.49032258064516127,0.5671641791044776,0.29583333333333334,0.3736842105263158,0.45806451612903226,0.5298507462686567
278,politics,../dataset/NewsArticles/politics/225.txt,16,420,7,210,textrank,0.7573529411764706,0.7463768115942029,0.6701030927835051,0.6878306878306878,0.7426470588235294,0.7318840579710145
279,politics,../dataset/NewsArticles/politics/231.txt,15,399,6,179,textrank,0.8253968253968254,0.7938931297709924,0.735632183908046,0.7071823204419889,0.8174603174603174,0.7862595419847328
280,politics,../dataset/NewsArticles/politics/027.txt,29,680,12,351,textrank,0.5190476190476191,0.6566265060240963,0.40189873417721517,0.5,0.5047619047619047,0.6385542168674698
281,politics,../dataset/NewsArticles/politics/033.txt,22,466,9,211,textrank,0.7481481481481481,0.8632478632478633,0.6613756613756614,0.7440476190476191,0.7407407407407407,0.8547008547008547
282,politics,../dataset/NewsArticles/politics/190.txt,17,284,7,157,textrank,0.6818181818181818,0.7978723404255319,0.631578947368421,0.7384615384615385,0.6818181818181818,0.7978723404255319
283,politics,../dataset/NewsArticles/politics/184.txt,24,578,10,299,textrank,0.581151832460733,0.7207792207792207,0.4731182795698925,0.5919282511210763,0.5759162303664922,0.7142857142857143
284,politics,../dataset/NewsArticles/politics/153.txt,18,429,11,266,textrank,0.6646706586826348,0.8604651162790697,0.5892116182572614,0.7593582887700535,0.6646706586826348,0.8604651162790697
285,politics,../dataset/NewsArticles/politics/147.txt,23,473,10,248,textrank,0.825,0.9103448275862069,0.7393162393162394,0.8439024390243902,0.825,0.9103448275862069
286,politics,../dataset/NewsArticles/politics/392.txt,16,328,7,157,textrank,0.6388888888888888,0.6764705882352942,0.5172413793103449,0.5434782608695652,0.6203703703703703,0.6568627450980392
287,politics,../dataset/NewsArticles/politics/386.txt,21,475,9,251,textrank,0.9710144927536232,0.9852941176470589,0.9333333333333333,0.9545454545454546,0.9710144927536232,0.9852941176470589
288,politics,../dataset/NewsArticles/politics/379.txt,25,493,10,236,textrank,0.5761589403973509,0.696,0.4883720930232558,0.603448275862069,0.5629139072847682,0.68
289,politics,../dataset/NewsArticles/politics/351.txt,21,527,9,231,textrank,0.7801418439716312,0.7534246575342466,0.7067307692307693,0.6901408450704225,0.7801418439716312,0.7534246575342466
290,politics,../dataset/NewsArticles/politics/345.txt,16,358,7,178,textrank,0.7692307692307693,0.7920792079207921,0.71875,0.7516339869281046,0.7596153846153846,0.7821782178217822
291,politics,../dataset/NewsArticles/politics/344.txt,23,596,9,278,textrank,0.7657142857142857,0.7976190476190477,0.6717557251908397,0.701195219123506,0.76,0.7916666666666666
292,politics,../dataset/NewsArticles/politics/350.txt,21,451,9,228,textrank,0.821917808219178,0.8450704225352113,0.7548076923076923,0.7889447236180904,0.821917808219178,0.8450704225352113
293,politics,../dataset/NewsArticles/politics/378.txt,22,576,9,276,textrank,0.5142857142857142,0.6716417910447762,0.42063492063492064,0.5463917525773195,0.49714285714285716,0.6492537313432836
294,politics,../dataset/NewsArticles/politics/387.txt,20,461,9,245,textrank,0.7169811320754716,0.8507462686567164,0.6794871794871795,0.7989949748743719,0.7169811320754716,0.8507462686567164
295,politics,../dataset/NewsArticles/politics/393.txt,31,771,13,387,textrank,0.7228915662650602,0.8450704225352113,0.6666666666666666,0.7898089171974523,0.7188755020080321,0.8403755868544601
296,politics,../dataset/NewsArticles/politics/146.txt,18,371,8,201,textrank,0.8015873015873016,0.8347107438016529,0.7318435754189944,0.7797619047619048,0.7936507936507936,0.8264462809917356
297,politics,../dataset/NewsArticles/politics/152.txt,23,494,10,252,textrank,0.8466257668711656,0.8363636363636363,0.7553648068669528,0.7394957983193278,0.8404907975460123,0.8303030303030303
298,politics,../dataset/NewsArticles/politics/185.txt,24,433,10,225,textrank,0.5234899328859061,0.7222222222222222,0.42718446601941745,0.5714285714285714,0.5100671140939598,0.7037037037037037
299,politics,../dataset/NewsArticles/politics/191.txt,12,249,5,130,textrank,0.4367816091954023,0.6031746031746031,0.36134453781512604,0.5584415584415584,0.42528735632183906,0.5873015873015873
300,politics,../dataset/NewsArticles/politics/032.txt,18,354,8,168,textrank,0.7614678899082569,0.7685185185185185,0.6845637583892618,0.6845637583892618,0.7522935779816514,0.7592592592592593
301,politics,../dataset/NewsArticles/politics/026.txt,11,260,5,128,textrank,0.7888888888888889,0.8554216867469879,0.7142857142857143,0.794392523364486,0.7888888888888889,0.8554216867469879
302,politics,../dataset/NewsArticles/politics/230.txt,22,480,9,210,textrank,0.6111111111111112,0.6567164179104478,0.5,0.518324607329843,0.5833333333333334,0.6268656716417911
303,politics,../dataset/NewsArticles/politics/224.txt,25,607,10,288,textrank,0.5574712643678161,0.6510067114093959,0.4807692307692308,0.5296610169491526,0.5402298850574713,0.6308724832214765
304,politics,../dataset/NewsArticles/politics/218.txt,28,636,12,312,textrank,0.6666666666666666,0.7682926829268293,0.5935251798561151,0.6875,0.6507936507936508,0.75
305,politics,../dataset/NewsArticles/politics/280.txt,15,332,6,143,textrank,0.5376344086021505,0.5813953488372093,0.4485294117647059,0.5,0.5376344086021505,0.5813953488372093
306,politics,../dataset/NewsArticles/politics/294.txt,15,315,7,173,textrank,0.5128205128205128,0.6451612903225806,0.3939393939393939,0.5555555555555556,0.5042735042735043,0.6344086021505376
307,politics,../dataset/NewsArticles/politics/243.txt,10,200,4,94,textrank,0.7272727272727273,0.7272727272727273,0.6477272727272727,0.6867469879518072,0.7272727272727273,0.7272727272727273
308,politics,../dataset/NewsArticles/politics/257.txt,22,580,9,309,textrank,0.7,0.8235294117647058,0.599290780141844,0.7824074074074074,0.7,0.8235294117647058
309,politics,../dataset/NewsArticles/politics/082.txt,26,522,11,245,textrank,0.5686274509803921,0.6170212765957447,0.4585152838427948,0.525,0.5686274509803921,0.6170212765957447
310,politics,../dataset/NewsArticles/politics/096.txt,18,387,8,217,textrank,0.6666666666666666,0.8235294117647058,0.5803108808290155,0.7724137931034483,0.6666666666666666,0.8235294117647058
311,politics,../dataset/NewsArticles/politics/041.txt,28,638,12,316,textrank,0.681592039800995,0.791907514450867,0.6066666666666667,0.7222222222222222,0.6766169154228856,0.7861271676300579
312,politics,../dataset/NewsArticles/politics/055.txt,25,517,10,233,textrank,0.5987654320987654,0.6298701298701299,0.47533632286995514,0.49074074074074076,0.5925925925925926,0.6233766233766234
313,politics,../dataset/NewsArticles/politics/069.txt,20,383,8,154,textrank,0.54,0.6,0.49645390070921985,0.546875,0.54,0.6
314,politics,../dataset/NewsArticles/politics/135.txt,29,606,12,307,textrank,0.7486910994764397,0.807909604519774,0.6643356643356644,0.7392996108949417,0.743455497382199,0.8022598870056498
315,politics,../dataset/NewsArticles/politics/121.txt,28,553,14,326,textrank,0.6417910447761194,0.832258064516129,0.5681063122923588,0.75,0.6417910447761194,0.832258064516129
316,politics,../dataset/NewsArticles/politics/109.txt,13,311,6,153,textrank,0.5980392156862745,0.7261904761904762,0.5460992907801419,0.6311475409836066,0.5980392156862745,0.7261904761904762
317,politics,../dataset/NewsArticles/politics/337.txt,27,581,11,312,textrank,0.6826347305389222,0.7215189873417721,0.5915492957746479,0.6486486486486487,0.6646706586826348,0.7025316455696202
318,politics,../dataset/NewsArticles/politics/323.txt,14,251,6,130,textrank,0.6435643564356436,0.6435643564356436,0.5669291338582677,0.5625,0.6336633663366337,0.6336633663366337
319,politics,../dataset/NewsArticles/politics/322.txt,22,461,9,238,textrank,0.5882352941176471,0.6976744186046512,0.5137614678899083,0.5957446808510638,0.5816993464052288,0.689922480620155
320,politics,../dataset/NewsArticles/politics/336.txt,41,829,15,468,textrank,0.6498194945848376,0.7377049180327869,0.5835240274599542,0.6521739130434783,0.6462093862815884,0.7336065573770492
321,politics,../dataset/NewsArticles/politics/108.txt,8,186,5,148,textrank,0.5514018691588785,0.8676470588235294,0.4788732394366197,0.7472527472527473,0.5514018691588785,0.8676470588235294
322,politics,../dataset/NewsArticles/politics/120.txt,18,405,8,187,textrank,0.6991150442477876,0.6475409836065574,0.5857988165680473,0.553072625698324,0.6814159292035398,0.6311475409836066
323,politics,../dataset/NewsArticles/politics/134.txt,20,461,8,211,textrank,0.7062937062937062,0.7829457364341085,0.6372549019607843,0.7142857142857143,0.6923076923076923,0.7674418604651163
324,politics,../dataset/NewsArticles/politics/068.txt,27,549,11,264,textrank,0.8,0.847682119205298,0.7942386831275721,0.8008298755186722,0.8,0.847682119205298
325,politics,../dataset/NewsArticles/politics/054.txt,12,260,5,126,textrank,0.7222222222222222,0.8125,0.6491228070175439,0.7254901960784313,0.7222222222222222,0.8125
326,politics,../dataset/NewsArticles/politics/040.txt,23,584,10,307,textrank,0.5794871794871795,0.6932515337423313,0.43944636678200694,0.516260162601626,0.5538461538461539,0.6625766871165644
327,politics,../dataset/NewsArticles/politics/097.txt,20,506,8,225,textrank,0.5570469798657718,0.6434108527131783,0.4675925925925926,0.5287958115183246,0.5503355704697986,0.6356589147286822
328,politics,../dataset/NewsArticles/politics/083.txt,15,291,6,132,textrank,0.6382978723404256,0.7894736842105263,0.5916666666666667,0.7244897959183674,0.6382978723404256,0.7894736842105263
329,politics,../dataset/NewsArticles/politics/256.txt,24,596,10,295,textrank,0.6497175141242938,0.7931034482758621,0.5939849624060151,0.7053571428571429,0.6440677966101694,0.7862068965517242
330,politics,../dataset/NewsArticles/politics/242.txt,21,438,9,197,textrank,0.7333333333333333,0.7615384615384615,0.6593406593406593,0.6857142857142857,0.7333333333333333,0.7615384615384615
331,politics,../dataset/NewsArticles/politics/295.txt,15,351,6,162,textrank,0.3684210526315789,0.5526315789473685,0.24675324675324675,0.36538461538461536,0.3508771929824561,0.5263157894736842
332,politics,../dataset/NewsArticles/politics/281.txt,21,517,10,325,textrank,0.7015706806282722,0.8589743589743589,0.6310344827586207,0.7787234042553192,0.6910994764397905,0.8461538461538461
333,politics,../dataset/NewsArticles/politics/297.txt,17,433,7,178,textrank,0.5808823529411765,0.7669902912621359,0.5087719298245614,0.6444444444444445,0.5735294117647058,0.7572815533980582
334,politics,../dataset/NewsArticles/politics/283.txt,20,502,8,226,textrank,0.6601307189542484,0.6688741721854304,0.5462962962962963,0.5514018691588785,0.6535947712418301,0.6622516556291391
335,politics,../dataset/NewsArticles/politics/254.txt,35,756,14,387,textrank,0.5041322314049587,0.6815642458100558,0.36193029490616624,0.4981549815498155,0.49173553719008267,0.664804469273743
336,politics,../dataset/NewsArticles/politics/240.txt,15,372,6,190,textrank,0.6428571428571429,0.7232142857142857,0.5978260869565217,0.6707317073170732,0.6428571428571429,0.7232142857142857
337,politics,../dataset/NewsArticles/politics/268.txt,26,550,11,294,textrank,0.7158469945355191,0.8397435897435898,0.592057761732852,0.7454545454545455,0.7103825136612022,0.8333333333333334
338,politics,../dataset/NewsArticles/politics/095.txt,17,457,7,228,textrank,0.37681159420289856,0.5652173913043478,0.27,0.4186046511627907,0.34782608695652173,0.5217391304347826
339,politics,../dataset/NewsArticles/politics/081.txt,18,345,8,186,textrank,0.56,0.660377358490566,0.5056818181818182,0.5894039735099338,0.56,0.660377358490566
340,politics,../dataset/NewsArticles/politics/056.txt,23,497,10,256,textrank,0.7333333333333333,0.7908496732026143,0.6624472573839663,0.7008928571428571,0.7212121212121212,0.7777777777777778
341,politics,../dataset/NewsArticles/politics/042.txt,25,538,10,261,textrank,0.6705882352941176,0.7402597402597403,0.5625,0.6515837104072398,0.6647058823529411,0.7337662337662337
342,politics,../dataset/NewsArticles/politics/122.txt,27,590,11,281,textrank,0.6686746987951807,0.7928571428571428,0.6,0.6976744186046512,0.6686746987951807,0.7928571428571428
343,politics,../dataset/NewsArticles/politics/136.txt,23,499,13,331,textrank,0.6615384615384615,0.8835616438356164,0.594059405940594,0.7894736842105263,0.6615384615384615,0.8835616438356164
344,politics,../dataset/NewsArticles/politics/320.txt,25,581,10,237,textrank,0.6711409395973155,0.684931506849315,0.6367924528301887,0.5973451327433629,0.6711409395973155,0.684931506849315
345,politics,../dataset/NewsArticles/politics/334.txt,17,429,7,203,textrank,0.6693548387096774,0.7545454545454545,0.5948717948717949,0.7073170731707317,0.6532258064516129,0.7363636363636363
346,politics,../dataset/NewsArticles/politics/308.txt,10,203,4,93,textrank,0.15584415584415584,0.21428571428571427,0.01098901098901099,0.014285714285714285,0.15584415584415584,0.21428571428571427
347,politics,../dataset/NewsArticles/politics/309.txt,9,239,4,114,textrank,0.7976190476190477,0.9178082191780822,0.7830188679245284,0.8645833333333334,0.7976190476190477,0.9178082191780822
348,politics,../dataset/NewsArticles/politics/335.txt,16,406,7,211,textrank,0.6857142857142857,0.7007299270072993,0.5714285714285714,0.6153846153846154,0.6785714285714286,0.6934306569343066
349,politics,../dataset/NewsArticles/politics/321.txt,12,274,5,145,textrank,0.8041237113402062,0.8764044943820225,0.7591240875912408,0.832,0.8041237113402062,0.8764044943820225
350,politics,../dataset/NewsArticles/politics/137.txt,27,603,11,264,textrank,0.6012269938650306,0.6242038216560509,0.508,0.5545851528384279,0.5950920245398773,0.6178343949044586
351,politics,../dataset/NewsArticles/politics/123.txt,8,164,4,82,textrank,0.55,0.6346153846153846,0.3924050632911392,0.4696969696969697,0.5166666666666667,0.5961538461538461
352,politics,../dataset/NewsArticles/politics/043.txt,12,261,5,121,textrank,0.6744186046511628,0.6904761904761905,0.5391304347826087,0.5688073394495413,0.6627906976744186,0.6785714285714286
353,politics,../dataset/NewsArticles/politics/057.txt,11,216,5,130,textrank,0.8089887640449438,0.8571428571428571,0.7565217391304347,0.8130841121495327,0.8089887640449438,0.8571428571428571
354,politics,../dataset/NewsArticles/politics/080.txt,27,506,16,335,textrank,0.6350710900473934,0.8874172185430463,0.556923076923077,0.8341013824884793,0.6350710900473934,0.8874172185430463
355,politics,../dataset/NewsArticles/politics/094.txt,21,520,9,287,textrank,0.5321637426900585,0.7398373983739838,0.3861003861003861,0.546448087431694,0.5087719298245614,0.7073170731707317
356,politics,../dataset/NewsArticles/politics/269.txt,9,178,4,80,textrank,0.4782608695652174,0.5789473684210527,0.4155844155844156,0.463768115942029,0.4782608695652174,0.5789473684210527
357,politics,../dataset/NewsArticles/politics/241.txt,24,579,15,386,textrank,0.7162790697674418,0.875,0.6277777777777778,0.8339483394833949,0.7162790697674418,0.875
358,politics,../dataset/NewsArticles/politics/255.txt,30,636,12,352,textrank,0.6865671641791045,0.8313253012048193,0.6416938110749185,0.7817460317460317,0.6865671641791045,0.8313253012048193
359,politics,../dataset/NewsArticles/politics/282.txt,25,582,9,225,textrank,0.8045112781954887,0.6858974358974359,0.7205882352941176,0.6125,0.8045112781954887,0.6858974358974359
360,politics,../dataset/NewsArticles/politics/296.txt,16,320,7,163,textrank,0.6896551724137931,0.7619047619047619,0.6103896103896104,0.6861313868613139,0.6810344827586207,0.7523809523809524
361,politics,../dataset/NewsArticles/politics/292.txt,33,701,14,352,textrank,0.5358851674641149,0.6292134831460674,0.4231974921630094,0.46551724137931033,0.5215311004784688,0.6123595505617978
362,politics,../dataset/NewsArticles/politics/286.txt,19,389,8,189,textrank,0.5039370078740157,0.64,0.4438202247191011,0.5064102564102564,0.49606299212598426,0.63
363,politics,../dataset/NewsArticles/politics/279.txt,22,498,9,209,textrank,0.7380952380952381,0.8157894736842105,0.6629834254143646,0.7100591715976331,0.7380952380952381,0.8157894736842105
364,politics,../dataset/NewsArticles/politics/251.txt,26,767,10,375,textrank,0.7216981132075472,0.7846153846153846,0.6588235294117647,0.7044025157232704,0.7169811320754716,0.7794871794871795
365,politics,../dataset/NewsArticles/politics/245.txt,19,505,8,251,textrank,0.7972972972972973,0.7468354430379747,0.703862660944206,0.6666666666666666,0.7972972972972973,0.7468354430379747
366,politics,../dataset/NewsArticles/politics/090.txt,14,267,6,118,textrank,0.6853932584269663,0.7349397590361446,0.5929203539823009,0.6261682242990654,0.6853932584269663,0.7349397590361446
367,politics,../dataset/NewsArticles/politics/084.txt,13,261,6,156,textrank,0.6371681415929203,0.8470588235294118,0.5862068965517241,0.8173076923076923,0.6371681415929203,0.8470588235294118
368,politics,../dataset/NewsArticles/politics/053.txt,24,579,10,292,textrank,0.6483516483516484,0.7108433734939759,0.5234657039711191,0.5776892430278885,0.6373626373626373,0.6987951807228916
369,politics,../dataset/NewsArticles/politics/047.txt,19,520,8,253,textrank,0.7702702702702703,0.8201438848920863,0.6567796610169492,0.7276995305164319,0.7702702702702703,0.8201438848920863
370,politics,../dataset/NewsArticles/politics/127.txt,27,625,13,372,textrank,0.5228215767634855,0.7159090909090909,0.41899441340782123,0.6024096385542169,0.5228215767634855,0.7159090909090909
371,politics,../dataset/NewsArticles/politics/133.txt,15,295,6,145,textrank,0.4444444444444444,0.4943820224719101,0.34074074074074073,0.41818181818181815,0.4444444444444444,0.4943820224719101
372,politics,../dataset/NewsArticles/politics/319.txt,26,488,11,241,textrank,0.697986577181208,0.7027027027027027,0.6330275229357798,0.6359447004608295,0.697986577181208,0.7027027027027027
373,politics,../dataset/NewsArticles/politics/325.txt,13,325,6,175,textrank,0.5765765765765766,0.6597938144329897,0.46296296296296297,0.5208333333333334,0.5585585585585585,0.6391752577319587
374,politics,../dataset/NewsArticles/politics/331.txt,23,510,10,233,textrank,0.4358974358974359,0.5666666666666667,0.242152466367713,0.32926829268292684,0.4230769230769231,0.55
375,politics,../dataset/NewsArticles/politics/330.txt,13,255,6,131,textrank,0.6043956043956044,0.6962025316455697,0.45901639344262296,0.5283018867924528,0.5934065934065934,0.6835443037974683
376,politics,../dataset/NewsArticles/politics/324.txt,24,618,10,312,textrank,0.6421052631578947,0.7577639751552795,0.5300353356890459,0.6493506493506493,0.6263157894736842,0.7391304347826086
377,politics,../dataset/NewsArticles/politics/318.txt,13,304,6,166,textrank,0.75,0.7641509433962265,0.6710526315789473,0.6710526315789473,0.75,0.7641509433962265
378,politics,../dataset/NewsArticles/politics/132.txt,14,322,9,226,textrank,0.581081081081081,0.8686868686868687,0.460093896713615,0.7205882352941176,0.581081081081081,0.8686868686868687
379,politics,../dataset/NewsArticles/politics/126.txt,25,467,10,219,textrank,0.6917808219178082,0.7890625,0.6172248803827751,0.6789473684210526,0.684931506849315,0.78125
380,politics,../dataset/NewsArticles/politics/046.txt,19,449,8,226,textrank,0.7588652482269503,0.8842975206611571,0.6945812807881774,0.8057142857142857,0.7588652482269503,0.8842975206611571
381,politics,../dataset/NewsArticles/politics/052.txt,15,428,6,233,textrank,0.8867924528301887,0.9038461538461539,0.8398268398268398,0.8818181818181818,0.8867924528301887,0.9038461538461539
382,politics,../dataset/NewsArticles/politics/085.txt,22,505,10,279,textrank,0.5945945945945946,0.6748466257668712,0.4807692307692308,0.5707762557077626,0.5783783783783784,0.656441717791411
383,politics,../dataset/NewsArticles/politics/091.txt,8,180,4,89,textrank,0.746031746031746,0.5875,0.6951219512195121,0.5643564356435643,0.7301587301587301,0.575
384,politics,../dataset/NewsArticles/politics/244.txt,24,467,10,233,textrank,0.7088607594936709,0.7943262411347518,0.5944700460829493,0.6354679802955665,0.7088607594936709,0.7943262411347518
385,politics,../dataset/NewsArticles/politics/250.txt,79,1215,34,628,textrank,0.7395498392282959,0.7796610169491526,0.6612021857923497,0.6528776978417267,0.7266881028938906,0.7661016949152543
386,politics,../dataset/NewsArticles/politics/278.txt,14,331,5,178,textrank,0.496,0.6966292134831461,0.43859649122807015,0.6302521008403361,0.496,0.6966292134831461
387,politics,../dataset/NewsArticles/politics/287.txt,15,278,6,132,textrank,0.8023255813953488,0.9324324324324325,0.7603305785123967,0.8518518518518519,0.7906976744186046,0.918918918918919
388,politics,../dataset/NewsArticles/politics/293.txt,134,2477,49,1184,textrank,0.6432432432432432,0.7212121212121212,0.5383895131086143,0.5849440488301119,0.6414414414414414,0.7191919191919192
389,politics,../dataset/NewsArticles/politics/285.txt,15,291,6,132,textrank,0.6382978723404256,0.7894736842105263,0.5916666666666667,0.7244897959183674,0.6382978723404256,0.7894736842105263
390,politics,../dataset/NewsArticles/politics/291.txt,8,186,5,148,textrank,0.5514018691588785,0.8676470588235294,0.4788732394366197,0.7472527472527473,0.5514018691588785,0.8676470588235294
391,politics,../dataset/NewsArticles/politics/246.txt,24,570,10,287,textrank,0.7528089887640449,0.8427672955974843,0.6826568265682657,0.7676348547717843,0.7528089887640449,0.8427672955974843
392,politics,../dataset/NewsArticles/politics/252.txt,23,571,10,277,textrank,0.6473988439306358,0.7887323943661971,0.5853658536585366,0.6697674418604651,0.6358381502890174,0.7746478873239436
393,politics,../dataset/NewsArticles/politics/087.txt,27,615,11,306,textrank,0.7474747474747475,0.774869109947644,0.6677852348993288,0.6745762711864407,0.7323232323232324,0.7591623036649214
394,politics,../dataset/NewsArticles/politics/093.txt,11,262,5,134,textrank,0.8461538461538461,0.8461538461538461,0.7874015748031497,0.7936507936507936,0.8461538461538461,0.8461538461538461
395,politics,../dataset/NewsArticles/politics/078.txt,28,655,12,306,textrank,0.7283236994219653,0.7455621301775148,0.625,0.6363636363636364,0.7167630057803468,0.7337278106508875
396,politics,../dataset/NewsArticles/politics/044.txt,12,223,5,99,textrank,0.625,0.7627118644067796,0.5157894736842106,0.620253164556962,0.6111111111111112,0.7457627118644068
397,politics,../dataset/NewsArticles/politics/050.txt,27,692,11,352,textrank,0.5048543689320388,0.7123287671232876,0.41346153846153844,0.6,0.49029126213592233,0.6917808219178082
398,politics,../dataset/NewsArticles/politics/118.txt,20,428,8,206,textrank,0.8120300751879699,0.8571428571428571,0.7616580310880829,0.7903225806451613,0.8120300751879699,0.8571428571428571
399,politics,../dataset/NewsArticles/politics/130.txt,22,449,11,276,textrank,0.631578947368421,0.8244274809160306,0.5056603773584906,0.7204301075268817,0.631578947368421,0.8244274809160306
400,politics,../dataset/NewsArticles/politics/124.txt,22,625,9,274,textrank,0.7337662337662337,0.7533333333333333,0.6569037656903766,0.6596638655462185,0.7272727272727273,0.7466666666666667
401,politics,../dataset/NewsArticles/politics/332.txt,17,439,7,185,textrank,0.5,0.5363636363636364,0.35625,0.38513513513513514,0.4661016949152542,0.5
402,politics,../dataset/NewsArticles/politics/326.txt,18,423,7,223,textrank,0.6956521739130435,0.7441860465116279,0.6313131313131313,0.6906077348066298,0.6739130434782609,0.7209302325581395
403,politics,../dataset/NewsArticles/politics/327.txt,31,718,12,350,textrank,0.6746411483253588,0.7966101694915254,0.6203703703703703,0.7027972027972028,0.6698564593301436,0.7909604519774012
404,politics,../dataset/NewsArticles/politics/333.txt,22,459,9,223,textrank,0.6433566433566433,0.7863247863247863,0.5911330049261084,0.6818181818181818,0.6363636363636364,0.7777777777777778
405,politics,../dataset/NewsArticles/politics/125.txt,19,387,8,189,textrank,0.5039370078740157,0.64,0.4438202247191011,0.5064102564102564,0.49606299212598426,0.63
406,politics,../dataset/NewsArticles/politics/131.txt,14,356,6,178,textrank,0.7090909090909091,0.639344262295082,0.577639751552795,0.5314285714285715,0.7090909090909091,0.639344262295082
407,politics,../dataset/NewsArticles/politics/119.txt,21,466,9,196,textrank,0.5373134328358209,0.549618320610687,0.42934782608695654,0.4114583333333333,0.5298507462686567,0.5419847328244275
408,politics,../dataset/NewsArticles/politics/051.txt,16,384,7,210,textrank,0.8,0.8888888888888888,0.7230769230769231,0.8197674418604651,0.8,0.8888888888888888
409,politics,../dataset/NewsArticles/politics/045.txt,14,290,6,159,textrank,0.8796296296296297,0.9313725490196079,0.84,0.8513513513513513,0.8796296296296297,0.9313725490196079
410,politics,../dataset/NewsArticles/politics/079.txt,22,484,9,223,textrank,0.75,0.7862068965517242,0.6255924170616114,0.6666666666666666,0.7368421052631579,0.7724137931034483
411,politics,../dataset/NewsArticles/politics/092.txt,19,418,8,188,textrank,0.9672131147540983,0.9915966386554622,0.9235294117647059,0.9515151515151515,0.9672131147540983,0.9915966386554622
412,politics,../dataset/NewsArticles/politics/086.txt,22,412,9,164,textrank,0.75,0.7232142857142857,0.6197183098591549,0.6027397260273972,0.75,0.7232142857142857
413,politics,../dataset/NewsArticles/politics/253.txt,28,636,12,312,textrank,0.6666666666666666,0.7682926829268293,0.5935251798561151,0.6875,0.6507936507936508,0.75
414,politics,../dataset/NewsArticles/politics/247.txt,13,268,6,164,textrank,0.8691588785046729,0.93,0.8445945945945946,0.9057971014492754,0.8691588785046729,0.93
415,politics,../dataset/NewsArticles/politics/290.txt,248,4491,105,2660,textrank,0.7066532258064516,0.8580171358629131,0.6254355400696864,0.7683253076511504,0.7056451612903226,0.8567931456548348
416,politics,../dataset/NewsArticles/politics/284.txt,27,675,11,326,textrank,0.7789473684210526,0.774869109947644,0.7109634551495017,0.6948051948051948,0.7789473684210526,0.774869109947644
